Year,Month,Gender,Price
2007,1,Female,635
2007,1,Female,634
2007,1,Female,610
2007,1,Female,570
2007,1,Female,547
2007,1,Female,547
2007,1,Female,549
2007,1,Female,558
2007,1,Female,577
2007,2,Female,600
2007,2,Female,607
2007,2,Female,597
2007,2,Female,565
2007,2,Female,528
2007,2,Female,532
2007,2,Female,541
2007,2,Female,552
2007,2,Female,570
2007,3,Female,579
2007,3,Female,620
2007,3,Female,593
2007,3,Female,582
2007,3,Female,542
2007,3,Female,530
2007,3,Female,538
2007,3,Female,555
2007,3,Female,561
2007,4,Female,573
2007,4,Female,695
2007,4,Female,655
2007,4,Female,608
2007,4,Female,586
2007,4,Female,578
2007,4,Female,579
2007,4,Female,588
2007,4,Female,609
2007,5,Female,663
2007,5,Female,715
2007,5,Female,669
2007,5,Female,645
2007,5,Female,620
2007,5,Female,589
2007,5,Female,598
2007,5,Female,603
2007,5,Female,613
2007,6,Female,679
2007,6,Female,743
2007,6,Female,699
2007,6,Female,659
2007,6,Female,616
2007,6,Female,600
2007,6,Female,598
2007,6,Female,607
2007,6,Female,615
2007,7,Female,697
2007,7,Female,740
2007,7,Female,709
2007,7,Female,668
2007,7,Female,626
2007,7,Female,606
2007,7,Female,596
2007,7,Female,603
2007,7,Female,621
2007,8,Female,1151
2007,8,Female,695
2007,8,Female,690
2007,8,Female,645
2007,8,Female,597
2007,8,Female,583
2007,8,Female,590
2007,8,Female,596
2007,8,Female,609
2007,9,Female,671
2007,9,Female,636
2007,9,Female,631
2007,9,Female,608
2007,9,Female,585
2007,9,Female,577
2007,9,Female,577
2007,9,Female,594
2007,9,Female,603
2007,10,Female,670
2007,10,Female,621
2007,10,Female,605
2007,10,Female,583
2007,10,Female,569
2007,10,Female,566
2007,10,Female,583
2007,10,Female,590
2007,10,Female,613
2007,11,Female,588
2007,11,Female,583
2007,11,Female,579
2007,11,Female,566
2007,11,Female,551
2007,11,Female,557
2007,11,Female,567
2007,11,Female,592
2007,11,Female,604
2007,12,Female,509
2007,12,Female,603
2007,12,Female,575
2007,12,Female,563
2007,12,Female,544
2007,12,Female,552
2007,12,Female,566
2007,12,Female,588
2007,12,Female,596
2008,1,Female,649
2008,1,Female,590
2008,1,Female,573
2008,1,Female,573
2008,1,Female,570
2008,1,Female,558
2008,1,Female,571
2008,1,Female,586
2008,1,Female,586
2008,2,Female,593
2008,2,Female,565
2008,2,Female,601
2008,2,Female,555
2008,2,Female,544
2008,2,Female,557
2008,2,Female,561
2008,2,Female,580
2008,2,Female,566
2008,3,Female,600
2008,3,Female,584
2008,3,Female,604
2008,3,Female,577
2008,3,Female,567
2008,3,Female,562
2008,3,Female,572
2008,3,Female,588
2008,3,Female,594
2008,4,Female,578
2008,4,Female,576
2008,4,Female,584
2008,4,Female,577
2008,4,Female,571
2008,4,Female,566
2008,4,Female,579
2008,4,Female,581
2008,4,Female,607
2008,5,Female,571
2008,5,Female,602
2008,5,Female,608
2008,5,Female,600
2008,5,Female,574
2008,5,Female,583
2008,5,Female,595
2008,5,Female,595
2008,5,Female,633
2008,6,Female,531
2008,6,Female,555
2008,6,Female,552
2008,6,Female,563
2008,6,Female,572
2008,6,Female,580
2008,6,Female,590
2008,6,Female,611
2008,6,Female,615
2008,7,Female,489
2008,7,Female,530
2008,7,Female,545
2008,7,Female,538
2008,7,Female,536
2008,7,Female,553
2008,7,Female,565
2008,7,Female,591
2008,7,Female,604
2008,8,Female,489
2008,8,Female,505
2008,8,Female,539
2008,8,Female,534
2008,8,Female,519
2008,8,Female,541
2008,8,Female,569
2008,8,Female,583
2008,8,Female,598
2008,9,Female,518
2008,9,Female,517
2008,9,Female,530
2008,9,Female,527
2008,9,Female,517
2008,9,Female,532
2008,9,Female,562
2008,9,Female,566
2008,9,Female,580
2008,10,Female,465
2008,10,Female,466
2008,10,Female,484
2008,10,Female,487
2008,10,Female,494
2008,10,Female,520
2008,10,Female,543
2008,10,Female,562
2008,10,Female,572
2008,11,Female,436
2008,11,Female,431
2008,11,Female,443
2008,11,Female,468
2008,11,Female,457
2008,11,Female,482
2008,11,Female,494
2008,11,Female,521
2008,11,Female,547
2008,12,Female,396
2008,12,Female,428
2008,12,Female,434
2008,12,Female,441
2008,12,Female,443
2008,12,Female,466
2008,12,Female,483
2008,12,Female,504
2008,12,Female,528
2009,1,Female,373
2009,1,Female,375
2009,1,Female,403
2009,1,Female,415
2009,1,Female,431
2009,1,Female,463
2009,1,Female,474
2009,1,Female,499
2009,1,Female,517
2009,2,Female,339
2009,2,Female,396
2009,2,Female,379
2009,2,Female,426
2009,2,Female,417
2009,2,Female,449
2009,2,Female,470
2009,2,Female,495
2009,2,Female,503
2009,3,Female,396
2009,3,Female,366
2009,3,Female,391
2009,3,Female,404
2009,3,Female,426
2009,3,Female,467
2009,3,Female,489
2009,3,Female,502
2009,3,Female,524
2009,4,Female,370
2009,4,Female,404
2009,4,Female,395
2009,4,Female,413
2009,4,Female,443
2009,4,Female,474
2009,4,Female,497
2009,4,Female,526
2009,4,Female,543
2009,5,Female,357
2009,5,Female,491
2009,5,Female,429
2009,5,Female,435
2009,5,Female,451
2009,5,Female,483
2009,5,Female,513
2009,5,Female,535
2009,5,Female,566
2009,6,Female,372
2009,6,Female,461
2009,6,Female,469
2009,6,Female,486
2009,6,Female,499
2009,6,Female,524
2009,6,Female,534
2009,6,Female,550
2009,6,Female,543
2009,7,Female,449
2009,7,Female,431
2009,7,Female,439
2009,7,Female,449
2009,7,Female,468
2009,7,Female,490
2009,7,Female,503
2009,7,Female,518
2009,7,Female,536
2009,8,Female,405
2009,8,Female,444
2009,8,Female,453
2009,8,Female,446
2009,8,Female,461
2009,8,Female,474
2009,8,Female,483
2009,8,Female,501
2009,8,Female,523
2009,9,Female,283
2009,9,Female,359
2009,9,Female,381
2009,9,Female,396
2009,9,Female,398
2009,9,Female,421
2009,9,Female,436
2009,9,Female,450
2009,9,Female,464
2009,10,Female,307
2009,10,Female,348
2009,10,Female,364
2009,10,Female,383
2009,10,Female,398
2009,10,Female,427
2009,10,Female,450
2009,10,Female,469
2009,10,Female,475
2009,11,Female,261
2009,11,Female,339
2009,11,Female,359
2009,11,Female,379
2009,11,Female,387
2009,11,Female,415
2009,11,Female,434
2009,11,Female,450
2009,11,Female,470
2009,12,Female,282
2009,12,Female,346
2009,12,Female,366
2009,12,Female,373
2009,12,Female,412
2009,12,Female,429
2009,12,Female,449
2009,12,Female,462
2009,12,Female,475
2010,1,Female,359
2010,1,Female,429
2010,1,Female,421
2010,1,Female,433
2010,1,Female,437
2010,1,Female,469
2010,1,Female,482
2010,1,Female,491
2010,1,Female,496
2010,2,Female,339
2010,2,Female,416
2010,2,Female,438
2010,2,Female,441
2010,2,Female,442
2010,2,Female,464
2010,2,Female,485
2010,2,Female,497
2010,2,Female,495
2010,3,Female,371
2010,3,Female,415
2010,3,Female,440
2010,3,Female,447
2010,3,Female,466
2010,3,Female,484
2010,3,Female,487
2010,3,Female,520
2010,3,Female,524
2010,4,Female,409
2010,4,Female,374
2010,4,Female,435
2010,4,Female,447
2010,4,Female,467
2010,4,Female,480
2010,4,Female,490
2010,4,Female,506
2010,4,Female,499
2010,5,Female,618
2010,5,Female,433
2010,5,Female,445
2010,5,Female,472
2010,5,Female,479
2010,5,Female,502
2010,5,Female,505
2010,5,Female,523
2010,5,Female,520
2010,6,Female,817
2010,6,Female,459
2010,6,Female,465
2010,6,Female,474
2010,6,Female,482
2010,6,Female,498
2010,6,Female,504
2010,6,Female,511
2010,6,Female,522
2010,7,Female,353
2010,7,Female,427
2010,7,Female,452
2010,7,Female,462
2010,7,Female,467
2010,7,Female,482
2010,7,Female,500
2010,7,Female,507
2010,7,Female,512
2010,8,Female,329
2010,8,Female,443
2010,8,Female,423
2010,8,Female,430
2010,8,Female,432
2010,8,Female,463
2010,8,Female,479
2010,8,Female,496
2010,8,Female,506
2010,9,Female,306
2010,9,Female,391
2010,9,Female,399
2010,9,Female,404
2010,9,Female,417
2010,9,Female,450
2010,9,Female,476
2010,9,Female,494
2010,9,Female,510
2010,10,Female,320
2010,10,Female,358
2010,10,Female,382
2010,10,Female,397
2010,10,Female,411
2010,10,Female,442
2010,10,Female,468
2010,10,Female,485
2010,10,Female,496
2010,11,Female,488
2010,11,Female,343
2010,11,Female,366
2010,11,Female,381
2010,11,Female,406
2010,11,Female,449
2010,11,Female,476
2010,11,Female,488
2010,11,Female,497
2010,12,Female,255
2010,12,Female,344
2010,12,Female,387
2010,12,Female,414
2010,12,Female,433
2010,12,Female,467
2010,12,Female,485
2010,12,Female,495
2010,12,Female,505
2011,1,Female,348
2011,1,Female,365
2011,1,Female,397
2011,1,Female,414
2011,1,Female,436
2011,1,Female,468
2011,1,Female,451
2011,1,Female,495
2011,1,Female,508
2011,2,Female,248
2011,2,Female,373
2011,2,Female,411
2011,2,Female,427
2011,2,Female,443
2011,2,Female,471
2011,2,Female,485
2011,2,Female,501
2011,2,Female,511
2011,3,Female,283
2011,3,Female,395
2011,3,Female,430
2011,3,Female,448
2011,3,Female,463
2011,3,Female,502
2011,3,Female,511
2011,3,Female,528
2011,3,Female,542
2011,4,Female,777
2011,4,Female,435
2011,4,Female,464
2011,4,Female,478
2011,4,Female,489
2011,4,Female,524
2011,4,Female,536
2011,4,Female,550
2011,4,Female,565
2011,5,Female,381
2011,5,Female,462
2011,5,Female,485
2011,5,Female,508
2011,5,Female,526
2011,5,Female,541
2011,5,Female,552
2011,5,Female,568
2011,5,Female,597
2011,6,Female,483
2011,6,Female,558
2011,6,Female,550
2011,6,Female,564
2011,6,Female,572
2011,6,Female,591
2011,6,Female,599
2011,6,Female,606
2011,6,Female,613
2011,7,Female,546
2011,7,Female,622
2011,7,Female,633
2011,7,Female,630
2011,7,Female,609
2011,7,Female,618
2011,7,Female,629
2011,7,Female,634
2011,7,Female,640
2011,8,Female,441
2011,8,Female,557
2011,8,Female,585
2011,8,Female,581
2011,8,Female,583
2011,8,Female,602
2011,8,Female,615
2011,8,Female,616
2011,8,Female,618
2011,9,Female,381
2011,9,Female,577
2011,9,Female,609
2011,9,Female,609
2011,9,Female,597
2011,9,Female,608
2011,9,Female,618
2011,9,Female,631
2011,9,Female,643
2011,10,Female,457
2011,10,Female,462
2011,10,Female,595
2011,10,Female,598
2011,10,Female,595
2011,10,Female,619
2011,10,Female,630
2011,10,Female,640
2011,10,Female,650
2011,11,Female,285
2011,11,Female,540
2011,11,Female,541
2011,11,Female,568
2011,11,Female,579
2011,11,Female,604
2011,11,Female,617
2011,11,Female,630
2011,11,Female,631
2011,12,Female,375
2011,12,Female,509
2011,12,Female,546
2011,12,Female,564
2011,12,Female,570
2011,12,Female,597
2011,12,Female,617
2011,12,Female,630
2011,12,Female,624
2012,1,Female,502
2012,1,Female,575
2012,1,Female,605
2012,1,Female,613
2012,1,Female,607
2012,1,Female,624
2012,1,Female,631
2012,1,Female,635
2012,1,Female,648
2012,2,Female,475
2012,2,Female,583
2012,2,Female,603
2012,2,Female,613
2012,2,Female,613
2012,2,Female,635
2012,2,Female,645
2012,2,Female,653
2012,2,Female,670
2012,3,Female,550
2012,3,Female,613
2012,3,Female,633
2012,3,Female,649
2012,3,Female,641
2012,3,Female,662
2012,3,Female,669
2012,3,Female,684
2012,3,Female,717
2012,4,Female,558
2012,4,Female,657
2012,4,Female,675
2012,4,Female,695
2012,4,Female,681
2012,4,Female,712
2012,4,Female,726
2012,4,Female,728
2012,4,Female,785
2012,5,Female,688
2012,5,Female,740
2012,5,Female,752
2012,5,Female,750
2012,5,Female,727
2012,5,Female,749
2012,5,Female,759
2012,5,Female,765
2012,5,Female,780
2012,6,Female,1076
2012,6,Female,845
2012,6,Female,841
2012,6,Female,809
2012,6,Female,768
2012,6,Female,762
2012,6,Female,767
2012,6,Female,766
2012,6,Female,794
2012,7,Female,775
2012,7,Female,886
2012,7,Female,880
2012,7,Female,829
2012,7,Female,785
2012,7,Female,761
2012,7,Female,757
2012,7,Female,762
2012,7,Female,776
2012,8,Female,745
2012,8,Female,816
2012,8,Female,826
2012,8,Female,802
2012,8,Female,756
2012,8,Female,751
2012,8,Female,745
2012,8,Female,751
2012,8,Female,771
2012,9,Female,706
2012,9,Female,813
2012,9,Female,806
2012,9,Female,787
2012,9,Female,758
2012,9,Female,744
2012,9,Female,751
2012,9,Female,759
2012,9,Female,770
2012,10,Female,626
2012,10,Female,760
2012,10,Female,776
2012,10,Female,766
2012,10,Female,739
2012,10,Female,744
2012,10,Female,756
2012,10,Female,758
2012,10,Female,784
2012,11,Female,534
2012,11,Female,692
2012,11,Female,722
2012,11,Female,709
2012,11,Female,702
2012,11,Female,736
2012,11,Female,723
2012,11,Female,738
2012,11,Female,757
2012,12,Female,565
2012,12,Female,732
2012,12,Female,719
2012,12,Female,724
2012,12,Female,695
2012,12,Female,698
2012,12,Female,716
2012,12,Female,736
2012,12,Female,765
2013,1,Female,658
2013,1,Female,779
2013,1,Female,783
2013,1,Female,744
2013,1,Female,728
2013,1,Female,742
2013,1,Female,742
2013,1,Female,745
2013,1,Female,764
2013,2,Female,673
2013,2,Female,751
2013,2,Female,758
2013,2,Female,749
2013,2,Female,708
2013,2,Female,722
2013,2,Female,729
2013,2,Female,738
2013,2,Female,766
2013,3,Female,569
2013,3,Female,790
2013,3,Female,767
2013,3,Female,769
2013,3,Female,719
2013,3,Female,735
2013,3,Female,735
2013,3,Female,755
2013,3,Female,771
2013,4,Female,740
2013,4,Female,776
2013,4,Female,782
2013,4,Female,759
2013,4,Female,714
2013,4,Female,726
2013,4,Female,739
2013,4,Female,746
2013,4,Female,772
2013,5,Female,703
2013,5,Female,773
2013,5,Female,795
2013,5,Female,786
2013,5,Female,751
2013,5,Female,745
2013,5,Female,757
2013,5,Female,767
2013,5,Female,780
2013,6,Female,781
2013,6,Female,858
2013,6,Female,867
2013,6,Female,840
2013,6,Female,795
2013,6,Female,780
2013,6,Female,784
2013,6,Female,783
2013,6,Female,806
2013,7,Female,804
2013,7,Female,911
2013,7,Female,900
2013,7,Female,857
2013,7,Female,802
2013,7,Female,791
2013,7,Female,792
2013,7,Female,786
2013,7,Female,797
2013,8,Female,795
2013,8,Female,909
2013,8,Female,902
2013,8,Female,855
2013,8,Female,804
2013,8,Female,794
2013,8,Female,793
2013,8,Female,787
2013,8,Female,800
2013,9,Female,825
2013,9,Female,815
2013,9,Female,851
2013,9,Female,827
2013,9,Female,773
2013,9,Female,761
2013,9,Female,779
2013,9,Female,779
2013,9,Female,788
2013,10,Female,636
2013,10,Female,811
2013,10,Female,825
2013,10,Female,786
2013,10,Female,742
2013,10,Female,730
2013,10,Female,741
2013,10,Female,716
2013,10,Female,761
2013,11,Female,642
2013,11,Female,817
2013,11,Female,815
2013,11,Female,770
2013,11,Female,737
2013,11,Female,749
2013,11,Female,752
2013,11,Female,761
2013,11,Female,788
2013,12,Female,644
2013,12,Female,772
2013,12,Female,799
2013,12,Female,784
2013,12,Female,736
2013,12,Female,748
2013,12,Female,759
2013,12,Female,748
2013,12,Female,771
2014,1,Female,1117
2014,1,Female,865
2014,1,Female,843
2014,1,Female,813
2014,1,Female,767
2014,1,Female,773
2014,1,Female,773
2014,1,Female,772
2014,1,Female,779
2014,2,Female,806
2014,2,Female,877
2014,2,Female,836
2014,2,Female,809
2014,2,Female,775
2014,2,Female,764
2014,2,Female,768
2014,2,Female,773
2014,2,Female,791
2014,3,Female,605
2014,3,Female,841
2014,3,Female,846
2014,3,Female,827
2014,3,Female,759
2014,3,Female,763
2014,3,Female,768
2014,3,Female,773
2014,3,Female,794
2014,4,Female,851
2014,4,Female,823
2014,4,Female,842
2014,4,Female,816
2014,4,Female,765
2014,4,Female,765
2014,4,Female,772
2014,4,Female,781
2014,4,Female,796
2014,5,Female,1188
2014,5,Female,842
2014,5,Female,854
2014,5,Female,824
2014,5,Female,778
2014,5,Female,782
2014,5,Female,784
2014,5,Female,798
2014,5,Female,808
2014,6,Female,866
2014,6,Female,1012
2014,6,Female,982
2014,6,Female,922
2014,6,Female,889
2014,6,Female,873
2014,6,Female,893
2014,6,Female,896
2014,6,Female,940
2014,7,Female,709
2014,7,Female,997
2014,7,Female,985
2014,7,Female,920
2014,7,Female,852
2014,7,Female,861
2014,7,Female,869
2014,7,Female,871
2014,7,Female,874
2014,8,Female,1045
2014,8,Female,855
2014,8,Female,896
2014,8,Female,855
2014,8,Female,814
2014,8,Female,808
2014,8,Female,815
2014,8,Female,785
2014,8,Female,843
2014,9,Female,768
2014,9,Female,847
2014,9,Female,899
2014,9,Female,861
2014,9,Female,819
2014,9,Female,815
2014,9,Female,823
2014,9,Female,798
2014,9,Female,851
2014,10,Female,824
2014,10,Female,926
2014,10,Female,914
2014,10,Female,935
2014,10,Female,886
2014,10,Female,909
2014,10,Female,923
2014,10,Female,930
2014,10,Female,939
2014,11,Female,677
2014,11,Female,848
2014,11,Female,902
2014,11,Female,873
2014,11,Female,830
2014,11,Female,831
2014,11,Female,842
2014,11,Female,820
2014,11,Female,868
2014,12,Female,764
2014,12,Female,829
2014,12,Female,889
2014,12,Female,868
2014,12,Female,817
2014,12,Female,822
2014,12,Female,837
2014,12,Female,854
2014,12,Female,864
2015,1,Female,782
2015,1,Female,912
2015,1,Female,983
2015,1,Female,952
2015,1,Female,904
2015,1,Female,919
2015,1,Female,946
2015,1,Female,959
2015,1,Female,964
2015,2,Female,931
2015,2,Female,980
2015,2,Female,959
2015,2,Female,926
2015,2,Female,904
2015,2,Female,936
2015,2,Female,936
2015,2,Female,957
2015,2,Female,972
2015,3,Female,959
2015,3,Female,1002
2015,3,Female,1002
2015,3,Female,977
2015,3,Female,968
2015,3,Female,952
2015,3,Female,963
2015,3,Female,993
2015,3,Female,1052
2015,4,Female,1212
2015,4,Female,1084
2015,4,Female,1092
2015,4,Female,1089
2015,4,Female,1061
2015,4,Female,1060
2015,4,Female,1081
2015,4,Female,1087
2015,4,Female,1017
2015,5,Female,1253
2015,5,Female,1162
2015,5,Female,1158
2015,5,Female,1127
2015,5,Female,1089
2015,5,Female,1112
2015,5,Female,1127
2015,5,Female,1147
2015,5,Female,1137
2015,6,Female,1191
2015,6,Female,1268
2015,6,Female,1202
2015,6,Female,1160
2015,6,Female,1144
2015,6,Female,1182
2015,6,Female,1363
2015,6,Female,1170
2015,6,Female,1133
2015,7,Female,1332
2015,7,Female,1302
2015,7,Female,1233
2015,7,Female,1192
2015,7,Female,1154
2015,7,Female,1149
2015,7,Female,1144
2015,7,Female,1144
2015,7,Female,1194
2015,8,Female,1144
2015,8,Female,1236
2015,8,Female,1187
2015,8,Female,1111
2015,8,Female,1104
2015,8,Female,1108
2015,8,Female,1098
2015,8,Female,1113
2015,8,Female,1146
2015,9,Female,1272
2015,9,Female,1198
2015,9,Female,1160
2015,9,Female,1146
2015,9,Female,1069
2015,9,Female,1082
2015,9,Female,1102
2015,9,Female,1106
2015,9,Female,1090
2015,10,Female,992
2015,10,Female,1050
2015,10,Female,1148
2015,10,Female,1130
2015,10,Female,1046
2015,10,Female,1064
2015,10,Female,1071
2015,10,Female,1040
2015,10,Female,1062
2015,11,Female,727
2015,11,Female,922
2015,11,Female,1197
2015,11,Female,1155
2015,11,Female,1142
2015,11,Female,1097
2015,11,Female,1103
2015,11,Female,1112
2015,11,Female,1090
2015,12,Female,1254
2015,12,Female,1154
2015,12,Female,1126
2015,12,Female,1087
2015,12,Female,1061
2015,12,Female,1046
2015,12,Female,1061
2015,12,Female,1053
2015,12,Female,1069
2016,1,Female,1296
2016,1,Female,1175
2016,1,Female,1195
2016,1,Female,1144
2016,1,Female,1073
2016,1,Female,1066
2016,1,Female,1054
2016,1,Female,1024
2016,1,Female,1045
2016,2,Female,1280
2016,2,Female,1164
2016,2,Female,1175
2016,2,Female,1122
2016,2,Female,1040
2016,2,Female,1043
2016,2,Female,1011
2016,2,Female,1027
2016,2,Female,975
2016,3,Female,1150
2016,3,Female,1123
2016,3,Female,1103
2016,3,Female,1100
2016,3,Female,1018
2016,3,Female,1018
2016,3,Female,1024
2016,3,Female,1034
2016,3,Female,1058
2016,4,Female,1299
2016,4,Female,1132
2016,4,Female,1141
2016,4,Female,1116
2016,4,Female,1043
2016,4,Female,1050
2016,4,Female,1034
2016,4,Female,1037
2016,4,Female,1068
2016,5,Female,1513
2016,5,Female,1250
2016,5,Female,1173
2016,5,Female,1120
2016,5,Female,1056
2016,5,Female,1032
2016,5,Female,1029
2016,5,Female,1034
2016,5,Female,1039
2016,6,Female,1305
2016,6,Female,1301
2016,6,Female,1231
2016,6,Female,1206
2016,6,Female,1132
2016,6,Female,1231
2016,6,Female,1056
2016,6,Female,1060
2016,6,Female,1030
2016,7,Female,1365
2016,7,Female,1303
2016,7,Female,1243
2016,7,Female,1123
2016,7,Female,1071
2016,7,Female,1024
2016,7,Female,1020
2016,7,Female,1006
2016,7,Female,1021
2016,8,Female,1054
2016,8,Female,1175
2016,8,Female,1168
2016,8,Female,1083
2016,8,Female,1024
2016,8,Female,983
2016,8,Female,942
2016,8,Female,988
2016,8,Female,986
2016,9,Female,1197
2016,9,Female,1144
2016,9,Female,1096
2016,9,Female,1069
2016,9,Female,985
2016,9,Female,931
2016,9,Female,904
2016,9,Female,916
2016,9,Female,895
2016,10,Female,1089
2016,10,Female,1160
2016,10,Female,1098
2016,10,Female,1072
2016,10,Female,961
2016,10,Female,948
2016,10,Female,926
2016,10,Female,935
2016,10,Female,944
2016,11,Female,1073
2016,11,Female,999
2016,11,Female,1016
2016,11,Female,1010
2016,11,Female,888
2016,11,Female,917
2016,11,Female,967
2016,11,Female,934
2016,11,Female,910
2016,12,Female,972
2016,12,Female,1026
2016,12,Female,987
2016,12,Female,991
2016,12,Female,903
2016,12,Female,922
2016,12,Female,951
2016,12,Female,954
2016,12,Female,943
2017,1,Female,1043
2017,1,Female,1033
2017,1,Female,965
2017,1,Female,970
2017,1,Female,902
2017,1,Female,904
2017,1,Female,908
2017,1,Female,917
2017,1,Female,912
2017,2,Female,1093
2017,2,Female,1023
2017,2,Female,1018
2017,2,Female,972
2017,2,Female,865
2017,2,Female,906
2017,2,Female,872
2017,2,Female,897
2017,2,Female,907
2017,3,Female,1069
2017,3,Female,991
2017,3,Female,1015
2017,3,Female,962
2017,3,Female,884
2017,3,Female,926
2017,3,Female,883
2017,3,Female,910
2017,3,Female,904
2017,4,Female,1063
2017,4,Female,1060
2017,4,Female,1107
2017,4,Female,1059
2017,4,Female,966
2017,4,Female,925
2017,4,Female,976
2017,4,Female,898
2017,4,Female,919
2017,5,Female,1149
2017,5,Female,1104
2017,5,Female,1070
2017,5,Female,1054
2017,5,Female,976
2017,5,Female,979
2017,5,Female,974
2017,5,Female,969
2017,5,Female,968
2017,6,Female,1139
2017,6,Female,1163
2017,6,Female,1130
2017,6,Female,1132
2017,6,Female,1075
2017,6,Female,1002
2017,6,Female,1069
2017,6,Female,1011
2017,6,Female,1004
2017,7,Female,1099
2017,7,Female,1150
2017,7,Female,1040
2017,7,Female,1008
2017,7,Female,916
2017,7,Female,897
2017,7,Female,909
2017,7,Female,952
2017,7,Female,942
2017,8,Female,1100
2017,8,Female,1041
2017,8,Female,979
2017,8,Female,962
2017,8,Female,883
2017,8,Female,890
2017,8,Female,912
2017,8,Female,927
2017,8,Female,884
2017,9,Female,943
2017,9,Female,1195
2017,9,Female,1022
2017,9,Female,911
2017,9,Female,885
2017,9,Female,879
2017,9,Female,900
2017,9,Female,901
2017,9,Female,855
2017,10,Female,772
2017,10,Female,760
2017,10,Female,928
2017,10,Female,923
2017,10,Female,838
2017,10,Female,863
2017,10,Female,884
2017,10,Female,928
2017,10,Female,919
2017,11,Female,755
2017,11,Female,853
2017,11,Female,906
2017,11,Female,891
2017,11,Female,824
2017,11,Female,837
2017,11,Female,869
2017,11,Female,868
2017,11,Female,908
2017,12,Female,784
2017,12,Female,869
2017,12,Female,862
2017,12,Female,860
2017,12,Female,813
2017,12,Female,846
2017,12,Female,871
2017,12,Female,904
2017,12,Female,895
2018,1,Female,804
2018,1,Female,908
2018,1,Female,944
2018,1,Female,863
2018,1,Female,826
2018,1,Female,843
2018,1,Female,859
2018,1,Female,894
2018,1,Female,874
2018,2,Female,1000
2018,2,Female,921
2018,2,Female,890
2018,2,Female,893
2018,2,Female,808
2018,2,Female,807
2018,2,Female,845
2018,2,Female,872
2018,2,Female,888
2018,3,Female,934
2018,3,Female,856
2018,3,Female,866
2018,3,Female,842
2018,3,Female,795
2018,3,Female,813
2018,3,Female,827
2018,3,Female,866
2018,3,Female,883
2018,4,Female,897
2018,4,Female,908
2018,4,Female,941
2018,4,Female,941
2018,4,Female,826
2018,4,Female,815
2018,4,Female,870
2018,4,Female,881
2018,4,Female,900
2018,5,Female,883
2018,5,Female,898
2018,5,Female,915
2018,5,Female,894
2018,5,Female,849
2018,5,Female,879
2018,5,Female,901
2018,5,Female,915
2018,5,Female,917
2018,6,Female,887
2018,6,Female,882
2018,6,Female,885
2018,6,Female,899
2018,6,Female,872
2018,6,Female,878
2018,6,Female,898
2018,6,Female,916
2018,6,Female,918
2018,7,Female,792
2018,7,Female,838
2018,7,Female,878
2018,7,Female,847
2018,7,Female,810
2018,7,Female,828
2018,7,Female,850
2018,7,Female,874
2018,7,Female,890
2018,8,Female,784
2018,8,Female,833
2018,8,Female,800
2018,8,Female,812
2018,8,Female,777
2018,8,Female,790
2018,8,Female,837
2018,8,Female,853
2018,8,Female,874
2018,9,Female,724
2018,9,Female,849
2018,9,Female,835
2018,9,Female,807
2018,9,Female,787
2018,9,Female,799
2018,9,Female,815
2018,9,Female,842
2018,9,Female,867
2018,10,Female,623
2018,10,Female,744
2018,10,Female,813
2018,10,Female,802
2018,10,Female,774
2018,10,Female,789
2018,10,Female,799
2018,10,Female,823
2018,10,Female,839
2018,11,Female,689
2018,11,Female,746
2018,11,Female,788
2018,11,Female,782
2018,11,Female,743
2018,11,Female,756
2018,11,Female,773
2018,11,Female,811
2018,11,Female,821
2018,12,Female,781
2018,12,Female,750
2018,12,Female,768
2018,12,Female,738
2018,12,Female,722
2018,12,Female,743
2018,12,Female,754
2018,12,Female,802
2018,12,Female,813
2019,1,Female,680
2019,1,Female,757
2019,1,Female,807
2019,1,Female,814
2019,1,Female,767
2019,1,Female,799
2019,1,Female,790
2019,1,Female,805
2019,1,Female,844
2019,2,Female,706
2019,2,Female,687
2019,2,Female,713
2019,2,Female,717
2019,2,Female,665
2019,2,Female,720
2019,2,Female,758
2019,2,Female,799
2019,2,Female,821
2019,3,Female,629
2019,3,Female,709
2019,3,Female,716
2019,3,Female,710
2019,3,Female,720
2019,3,Female,739
2019,3,Female,774
2019,3,Female,812
2019,3,Female,842
2019,4,Female,702
2019,4,Female,758
2019,4,Female,777
2019,4,Female,758
2019,4,Female,775
2019,4,Female,779
2019,4,Female,785
2019,4,Female,848
2019,4,Female,858
2019,5,Female,753
2019,5,Female,747
2019,5,Female,781
2019,5,Female,791
2019,5,Female,870
2019,5,Female,823
2019,5,Female,841
2019,5,Female,874
2019,5,Female,917
2019,6,Female,792
2019,6,Female,785
2019,6,Female,848
2019,6,Female,847
2019,6,Female,842
2019,6,Female,871
2019,6,Female,899
2019,6,Female,920
2019,6,Female,948
2019,7,Female,834
2019,7,Female,808
2019,7,Female,790
2019,7,Female,798
2019,7,Female,791
2019,7,Female,810
2019,7,Female,844
2019,7,Female,843
2019,7,Female,874
2019,8,Female,752
2019,8,Female,766
2019,8,Female,804
2019,8,Female,802
2019,8,Female,803
2019,8,Female,814
2019,8,Female,844
2019,8,Female,870
2019,8,Female,877
2019,9,Female,704
2019,9,Female,762
2019,9,Female,797
2019,9,Female,805
2019,9,Female,813
2019,9,Female,833
2019,9,Female,827
2019,9,Female,864
2019,9,Female,883
2019,10,Female,718
2019,10,Female,683
2019,10,Female,708
2019,10,Female,752
2019,10,Female,760
2019,10,Female,794
2019,10,Female,816
2019,10,Female,832
2019,10,Female,851
2019,11,Female,631
2019,11,Female,679
2019,11,Female,734
2019,11,Female,708
2019,11,Female,720
2019,11,Female,748
2019,11,Female,785
2019,11,Female,805
2019,11,Female,840
2019,12,Female,700
2019,12,Female,675
2019,12,Female,734
2019,12,Female,737
2019,12,Female,735
2019,12,Female,767
2019,12,Female,795
2019,12,Female,811
2019,12,Female,858
2020,1,Female,713
2020,1,Female,737
2020,1,Female,781
2020,1,Female,790
2020,1,Female,783
2020,1,Female,799
2020,1,Female,802
2020,1,Female,804
2020,1,Female,815
2020,2,Female,723
2020,2,Female,720
2020,2,Female,792
2020,2,Female,774
2020,2,Female,743
2020,2,Female,766
2020,2,Female,810
2020,2,Female,839
2020,2,Female,849
2020,3,Female,784
2020,3,Female,728
2020,3,Female,773
2020,3,Female,779
2020,3,Female,762
2020,3,Female,794
2020,3,Female,815
2020,3,Female,826
2020,3,Female,863
2020,4,Female,806
2020,4,Female,887
2020,4,Female,888
2020,4,Female,893
2020,4,Female,890
2020,4,Female,880
2020,4,Female,890
2020,4,Female,901
2020,4,Female,919
2020,5,Female,977
2020,5,Female,955
2020,5,Female,995
2020,5,Female,975
2020,5,Female,943
2020,5,Female,930
2020,5,Female,946
2020,5,Female,945
2020,5,Female,947
2020,6,Female,1039
2020,6,Female,1073
2020,6,Female,1060
2020,6,Female,999
2020,6,Female,958
2020,6,Female,945
2020,6,Female,968
2020,6,Female,946
2020,6,Female,978
2020,7,Female,1079
2020,7,Female,1131
2020,7,Female,1082
2020,7,Female,1015
2020,7,Female,963
2020,7,Female,954
2020,7,Female,956
2020,7,Female,962
2020,7,Female,976
2020,8,Female,1168
2020,8,Female,1186
2020,8,Female,1125
2020,8,Female,1053
2020,8,Female,1017
2020,8,Female,971
2020,8,Female,956
2020,8,Female,960
2020,8,Female,955
2020,9,Female,1088
2020,9,Female,1159
2020,9,Female,1110
2020,9,Female,1034
2020,9,Female,995
2020,9,Female,999
2020,9,Female,967
2020,9,Female,968
2020,9,Female,992
2020,10,Female,1065
2020,10,Female,1093
2020,10,Female,1102
2020,10,Female,1043
2020,10,Female,979
2020,10,Female,999
2020,10,Female,968
2020,10,Female,970
2020,10,Female,978
2020,11,Female,1066
2020,11,Female,1039
2020,11,Female,1014
2020,11,Female,991
2020,11,Female,966
2020,11,Female,963
2020,11,Female,952
2020,11,Female,979
2020,11,Female,988
2020,12,Female,1054
2020,12,Female,1034
2020,12,Female,1022
2020,12,Female,980
2020,12,Female,979
2020,12,Female,944
2020,12,Female,953
2020,12,Female,972
2020,12,Female,981
2021,1,Female,1060
2021,1,Female,1110
2021,1,Female,1110
2021,1,Female,1045
2021,1,Female,1003
2021,1,Female,953
2021,1,Female,961
2021,1,Female,970
2021,1,Female,984
2021,2,Female,1138
2021,2,Female,1117
2021,2,Female,1095
2021,2,Female,1029
2021,2,Female,1034
2021,2,Female,1000
2021,2,Female,999
2021,2,Female,1007
2021,2,Female,1026
2021,3,Female,1238
2021,3,Female,1126
2021,3,Female,1132
2021,3,Female,1080
2021,3,Female,1053
2021,3,Female,1000
2021,3,Female,1021
2021,3,Female,1016
2021,3,Female,1011
2021,4,Female,1191
2021,4,Female,1214
2021,4,Female,1195
2021,4,Female,1123
2021,4,Female,1070
2021,4,Female,1056
2021,4,Female,1043
2021,4,Female,1065
2021,4,Female,1066
2021,5,Female,1180
2021,5,Female,1331
2021,5,Female,1313
2021,5,Female,1285
2021,5,Female,1187
2021,5,Female,1156
2021,5,Female,1131
2021,5,Female,1141
2021,5,Female,1144
2021,6,Female,1349
2021,6,Female,1418
2021,6,Female,1364
2021,6,Female,1242
2021,6,Female,1181
2021,6,Female,1147
2021,6,Female,1128
2021,6,Female,1125
2021,6,Female,1121
2021,7,Female,1351
2021,7,Female,1396
2021,7,Female,1317
2021,7,Female,1235
2021,7,Female,1133
2021,7,Female,1137
2021,7,Female,1136
2021,7,Female,1121
2021,7,Female,1134
2021,8,Female,1307
2021,8,Female,1383
2021,8,Female,1353
2021,8,Female,1262
2021,8,Female,1169
2021,8,Female,1156
2021,8,Female,1157
2021,8,Female,1172
2021,8,Female,1188
2021,9,Female,1343
2021,9,Female,1356
2021,9,Female,1312
2021,9,Female,1276
2021,9,Female,1194
2021,9,Female,1208
2021,9,Female,1202
2021,9,Female,1206
2021,9,Female,1217
2021,10,Female,1140
2021,10,Female,1302
2021,10,Female,1240
2021,10,Female,1226
2021,10,Female,1180
2021,10,Female,1181
2021,10,Female,1207
2021,10,Female,1225
2021,10,Female,1252
2021,11,Female,1064
2021,11,Female,1183
2021,11,Female,1185
2021,11,Female,1149
2021,11,Female,1109
2021,11,Female,1140
2021,11,Female,1199
2021,11,Female,1313
2021,11,Female,1263
2021,12,Female,1220
2021,12,Female,1294
2021,12,Female,1257
2021,12,Female,1261
2021,12,Female,1163
2021,12,Female,1196
2021,12,Female,1222
2021,12,Female,1235
2021,12,Female,1244
2022,1,Female,1285
2022,1,Female,1402
2022,1,Female,1335
2022,1,Female,1248
2022,1,Female,1203
2022,1,Female,1227
2022,1,Female,1238
2022,1,Female,1245
2022,1,Female,1281
2022,2,Female,1391
2022,2,Female,1387
2022,2,Female,1371
2022,2,Female,1305
2022,2,Female,1242
2022,2,Female,1229
2022,2,Female,1220
2022,2,Female,1234
2022,2,Female,1269
2022,3,Female,1339
2022,3,Female,1446
2022,3,Female,1414
2022,3,Female,1333
2022,3,Female,1275
2022,3,Female,1284
2022,3,Female,1271
2022,3,Female,1288
2022,3,Female,1295
2022,4,Female,1478
2022,4,Female,1517
2022,4,Female,1483
2022,4,Female,1425
2022,4,Female,1349
2022,4,Female,1363
2022,4,Female,1361
2022,4,Female,1382
2022,4,Female,1404
2022,5,Female,1637
2022,5,Female,1726
2022,5,Female,1624
2022,5,Female,1516
2022,5,Female,1451
2022,5,Female,1447
2022,5,Female,1470
2022,5,Female,1471
2022,5,Female,1469
2022,6,Female,1936
2022,6,Female,1900
2022,6,Female,1919
2022,6,Female,1727
2022,6,Female,1596
2022,6,Female,1551
2022,6,Female,1556
2022,6,Female,1590
2022,6,Female,1629
2022,7,Female,1614
2022,7,Female,1620
2022,7,Female,1574
2022,7,Female,1438
2022,7,Female,1376
2022,7,Female,1373
2022,7,Female,1355
2022,7,Female,1374
2022,7,Female,1412
2022,8,Female,1323
2022,8,Female,1477
2022,8,Female,1504
2022,8,Female,1352
2022,8,Female,1330
2022,8,Female,1325
2022,8,Female,1333
2022,8,Female,1374
2022,8,Female,1403
2022,9,Female,1334
2022,9,Female,1423
2022,9,Female,1410
2022,9,Female,1353
2022,9,Female,1332
2022,9,Female,1360
2022,9,Female,1377
2022,9,Female,1399
2022,9,Female,1400
2007,1,Male,737
2007,1,Male,746
2007,1,Male,750
2007,1,Male,740
2007,1,Male,704
2007,1,Male,687
2007,1,Male,673
2007,1,Male,677
2007,1,Male,679
2007,1,Male,686
2007,1,Male,684
2007,2,Male,624
2007,2,Male,731
2007,2,Male,740
2007,2,Male,709
2007,2,Male,677
2007,2,Male,666
2007,2,Male,658
2007,2,Male,658
2007,2,Male,671
2007,2,Male,678
2007,2,Male,691
2007,3,Male,705
2007,3,Male,727
2007,3,Male,751
2007,3,Male,724
2007,3,Male,687
2007,3,Male,661
2007,3,Male,642
2007,3,Male,658
2007,3,Male,665
2007,3,Male,673
2007,3,Male,689
2007,4,Male,732
2007,4,Male,809
2007,4,Male,823
2007,4,Male,781
2007,4,Male,749
2007,4,Male,712
2007,4,Male,689
2007,4,Male,687
2007,4,Male,713
2007,4,Male,725
2007,4,Male,714
2007,5,Male,807
2007,5,Male,867
2007,5,Male,840
2007,5,Male,806
2007,5,Male,771
2007,5,Male,730
2007,5,Male,725
2007,5,Male,717
2007,5,Male,724
2007,5,Male,739
2007,5,Male,734
2007,6,Male,800
2007,6,Male,855
2007,6,Male,857
2007,6,Male,809
2007,6,Male,768
2007,6,Male,727
2007,6,Male,707
2007,6,Male,720
2007,6,Male,722
2007,6,Male,726
2007,6,Male,762
2007,7,Male,745
2007,7,Male,844
2007,7,Male,838
2007,7,Male,800
2007,7,Male,746
2007,7,Male,710
2007,7,Male,698
2007,7,Male,701
2007,7,Male,710
2007,7,Male,717
2007,7,Male,734
2007,8,Male,737
2007,8,Male,776
2007,8,Male,790
2007,8,Male,753
2007,8,Male,718
2007,8,Male,696
2007,8,Male,679
2007,8,Male,689
2007,8,Male,692
2007,8,Male,696
2007,8,Male,720
2007,9,Male,549
2007,9,Male,756
2007,9,Male,769
2007,9,Male,740
2007,9,Male,706
2007,9,Male,677
2007,9,Male,672
2007,9,Male,685
2007,9,Male,695
2007,9,Male,712
2007,9,Male,722
2007,10,Male,571
2007,10,Male,687
2007,10,Male,720
2007,10,Male,700
2007,10,Male,686
2007,10,Male,667
2007,10,Male,679
2007,10,Male,693
2007,10,Male,690
2007,10,Male,712
2007,10,Male,732
2007,11,Male,605
2007,11,Male,682
2007,11,Male,717
2007,11,Male,705
2007,11,Male,669
2007,11,Male,659
2007,11,Male,660
2007,11,Male,686
2007,11,Male,698
2007,11,Male,703
2007,11,Male,730
2007,12,Male,519
2007,12,Male,706
2007,12,Male,726
2007,12,Male,711
2007,12,Male,694
2007,12,Male,687
2007,12,Male,670
2007,12,Male,680
2007,12,Male,704
2007,12,Male,695
2007,12,Male,731
2008,1,Male,657
2008,1,Male,692
2008,1,Male,711
2008,1,Male,689
2008,1,Male,683
2008,1,Male,677
2008,1,Male,680
2008,1,Male,684
2008,1,Male,695
2008,1,Male,705
2008,2,Male,724
2008,2,Male,669
2008,2,Male,720
2008,2,Male,690
2008,2,Male,657
2008,2,Male,668
2008,2,Male,684
2008,2,Male,677
2008,2,Male,686
2008,2,Male,701
2008,3,Male,679
2008,3,Male,710
2008,3,Male,727
2008,3,Male,703
2008,3,Male,670
2008,3,Male,684
2008,3,Male,683
2008,3,Male,698
2008,3,Male,706
2008,3,Male,729
2008,4,Male,652
2008,4,Male,698
2008,4,Male,722
2008,4,Male,706
2008,4,Male,674
2008,4,Male,659
2008,4,Male,657
2008,4,Male,673
2008,4,Male,692
2008,4,Male,725
2008,5,Male,640
2008,5,Male,729
2008,5,Male,735
2008,5,Male,708
2008,5,Male,686
2008,5,Male,699
2008,5,Male,691
2008,5,Male,702
2008,5,Male,719
2008,5,Male,746
2008,6,Male,568
2008,6,Male,665
2008,6,Male,703
2008,6,Male,691
2008,6,Male,665
2008,6,Male,673
2008,6,Male,681
2008,6,Male,699
2008,6,Male,710
2008,6,Male,738
2008,7,Male,571
2008,7,Male,630
2008,7,Male,666
2008,7,Male,650
2008,7,Male,643
2008,7,Male,638
2008,7,Male,654
2008,7,Male,680
2008,7,Male,696
2008,7,Male,717
2008,8,Male,732
2008,8,Male,588
2008,8,Male,646
2008,8,Male,647
2008,8,Male,639
2008,8,Male,634
2008,8,Male,645
2008,8,Male,676
2008,8,Male,681
2008,8,Male,711
2008,9,Male,462
2008,9,Male,550
2008,9,Male,595
2008,9,Male,603
2008,9,Male,589
2008,9,Male,612
2008,9,Male,626
2008,9,Male,657
2008,9,Male,664
2008,9,Male,698
2008,10,Male,447
2008,10,Male,482
2008,10,Male,548
2008,10,Male,560
2008,10,Male,557
2008,10,Male,575
2008,10,Male,613
2008,10,Male,654
2008,10,Male,673
2008,10,Male,709
2008,11,Male,370
2008,11,Male,441
2008,11,Male,498
2008,11,Male,519
2008,11,Male,525
2008,11,Male,536
2008,11,Male,574
2008,11,Male,629
2008,11,Male,636
2008,11,Male,691
2008,12,Male,360
2008,12,Male,424
2008,12,Male,477
2008,12,Male,506
2008,12,Male,516
2008,12,Male,532
2008,12,Male,576
2008,12,Male,625
2008,12,Male,637
2008,12,Male,679
2009,1,Male,358
2009,1,Male,403
2009,1,Male,459
2009,1,Male,484
2009,1,Male,491
2009,1,Male,511
2009,1,Male,558
2009,1,Male,625
2009,1,Male,636
2009,1,Male,675
2009,1,Male,695
2009,2,Male,382
2009,2,Male,387
2009,2,Male,428
2009,2,Male,462
2009,2,Male,476
2009,2,Male,518
2009,2,Male,550
2009,2,Male,622
2009,2,Male,630
2009,2,Male,670
2009,2,Male,688
2009,3,Male,366
2009,3,Male,405
2009,3,Male,461
2009,3,Male,478
2009,3,Male,488
2009,3,Male,531
2009,3,Male,568
2009,3,Male,623
2009,3,Male,629
2009,3,Male,680
2009,3,Male,697
2009,4,Male,609
2009,4,Male,417
2009,4,Male,472
2009,4,Male,502
2009,4,Male,518
2009,4,Male,553
2009,4,Male,607
2009,4,Male,633
2009,4,Male,642
2009,4,Male,688
2009,4,Male,714
2009,5,Male,333
2009,5,Male,424
2009,5,Male,471
2009,5,Male,503
2009,5,Male,536
2009,5,Male,562
2009,5,Male,595
2009,5,Male,649
2009,5,Male,649
2009,5,Male,690
2009,5,Male,695
2009,6,Male,477
2009,6,Male,503
2009,6,Male,552
2009,6,Male,584
2009,6,Male,592
2009,6,Male,616
2009,6,Male,635
2009,6,Male,675
2009,6,Male,675
2009,6,Male,698
2009,6,Male,718
2009,7,Male,433
2009,7,Male,488
2009,7,Male,525
2009,7,Male,542
2009,7,Male,561
2009,7,Male,580
2009,7,Male,601
2009,7,Male,649
2009,7,Male,649
2009,7,Male,694
2009,8,Male,426
2009,8,Male,510
2009,8,Male,560
2009,8,Male,589
2009,8,Male,576
2009,8,Male,580
2009,8,Male,606
2009,8,Male,644
2009,8,Male,644
2009,8,Male,680
2009,9,Male,339
2009,9,Male,412
2009,9,Male,458
2009,9,Male,476
2009,9,Male,487
2009,9,Male,520
2009,9,Male,536
2009,9,Male,600
2009,9,Male,600
2009,9,Male,650
2009,10,Male,291
2009,10,Male,402
2009,10,Male,471
2009,10,Male,484
2009,10,Male,485
2009,10,Male,521
2009,10,Male,566
2009,10,Male,607
2009,10,Male,607
2009,10,Male,664
2009,10,Male,680
2009,11,Male,289
2009,11,Male,371
2009,11,Male,436
2009,11,Male,465
2009,11,Male,470
2009,11,Male,504
2009,11,Male,539
2009,11,Male,595
2009,11,Male,595
2009,11,Male,644
2009,11,Male,639
2009,12,Male,342
2009,12,Male,384
2009,12,Male,447
2009,12,Male,474
2009,12,Male,496
2009,12,Male,502
2009,12,Male,538
2009,12,Male,604
2009,12,Male,604
2009,12,Male,656
2010,1,Male,367
2010,1,Male,444
2010,1,Male,501
2010,1,Male,525
2010,1,Male,526
2010,1,Male,549
2010,1,Male,572
2010,1,Male,622
2010,1,Male,668
2010,1,Male,673
2010,2,Male,363
2010,2,Male,422
2010,2,Male,495
2010,2,Male,536
2010,2,Male,530
2010,2,Male,552
2010,2,Male,567
2010,2,Male,622
2010,2,Male,657
2010,2,Male,674
2010,3,Male,365
2010,3,Male,467
2010,3,Male,527
2010,3,Male,558
2010,3,Male,569
2010,3,Male,576
2010,3,Male,597
2010,3,Male,644
2010,3,Male,675
2010,3,Male,687
2010,4,Male,418
2010,4,Male,458
2010,4,Male,519
2010,4,Male,542
2010,4,Male,555
2010,4,Male,551
2010,4,Male,575
2010,4,Male,613
2010,4,Male,636
2010,5,Male,462
2010,5,Male,507
2010,5,Male,555
2010,5,Male,583
2010,5,Male,582
2010,5,Male,602
2010,5,Male,614
2010,5,Male,664
2010,5,Male,688
2010,5,Male,701
2010,6,Male,506
2010,6,Male,536
2010,6,Male,590
2010,6,Male,597
2010,6,Male,601
2010,6,Male,613
2010,6,Male,630
2010,6,Male,657
2010,6,Male,680
2010,6,Male,703
2010,7,Male,389
2010,7,Male,526
2010,7,Male,572
2010,7,Male,588
2010,7,Male,585
2010,7,Male,593
2010,7,Male,611
2010,7,Male,641
2010,7,Male,677
2010,7,Male,668
2010,8,Male,405
2010,8,Male,457
2010,8,Male,537
2010,8,Male,555
2010,8,Male,559
2010,8,Male,570
2010,8,Male,586
2010,8,Male,633
2010,8,Male,666
2010,8,Male,686
2010,9,Male,356
2010,9,Male,439
2010,9,Male,504
2010,9,Male,520
2010,9,Male,539
2010,9,Male,547
2010,9,Male,572
2010,9,Male,628
2010,9,Male,669
2010,9,Male,694
2010,10,Male,303
2010,10,Male,395
2010,10,Male,455
2010,10,Male,488
2010,10,Male,513
2010,10,Male,538
2010,10,Male,571
2010,10,Male,624
2010,10,Male,672
2010,10,Male,658
2010,11,Male,291
2010,11,Male,378
2010,11,Male,464
2010,11,Male,493
2010,11,Male,503
2010,11,Male,533
2010,11,Male,578
2010,11,Male,630
2010,11,Male,679
2010,11,Male,692
2010,12,Male,295
2010,12,Male,391
2010,12,Male,462
2010,12,Male,504
2010,12,Male,530
2010,12,Male,556
2010,12,Male,587
2010,12,Male,635
2010,12,Male,677
2010,12,Male,560
2011,1,Male,295
2011,1,Male,391
2011,1,Male,482
2011,1,Male,520
2011,1,Male,530
2011,1,Male,549
2011,1,Male,588
2011,1,Male,638
2011,1,Male,681
2011,1,Male,708
2011,2,Male,289
2011,2,Male,415
2011,2,Male,500
2011,2,Male,524
2011,2,Male,548
2011,2,Male,578
2011,2,Male,593
2011,2,Male,645
2011,2,Male,689
2011,2,Male,718
2011,3,Male,289
2011,3,Male,457
2011,3,Male,542
2011,3,Male,570
2011,3,Male,581
2011,3,Male,616
2011,3,Male,629
2011,3,Male,668
2011,3,Male,701
2011,3,Male,741
2011,4,Male,473
2011,4,Male,489
2011,4,Male,563
2011,4,Male,606
2011,4,Male,606
2011,4,Male,624
2011,4,Male,650
2011,4,Male,689
2011,4,Male,719
2011,4,Male,714
2011,5,Male,424
2011,5,Male,550
2011,5,Male,618
2011,5,Male,640
2011,5,Male,646
2011,5,Male,658
2011,5,Male,658
2011,5,Male,706
2011,5,Male,769
2011,5,Male,714
2011,6,Male,581
2011,6,Male,645
2011,6,Male,684
2011,6,Male,690
2011,6,Male,707
2011,6,Male,710
2011,6,Male,718
2011,6,Male,749
2011,6,Male,773
2011,6,Male,811
2011,7,Male,542
2011,7,Male,714
2011,7,Male,759
2011,7,Male,755
2011,7,Male,736
2011,7,Male,738
2011,7,Male,744
2011,7,Male,764
2011,7,Male,799
2011,7,Male,787
2011,8,Male,489
2011,8,Male,652
2011,8,Male,704
2011,8,Male,715
2011,8,Male,699
2011,8,Male,703
2011,8,Male,722
2011,8,Male,751
2011,8,Male,791
2011,8,Male,750
2011,9,Male,502
2011,9,Male,635
2011,9,Male,709
2011,9,Male,718
2011,9,Male,715
2011,9,Male,747
2011,9,Male,742
2011,9,Male,772
2011,9,Male,796
2011,9,Male,739
2011,10,Male,543
2011,10,Male,663
2011,10,Male,705
2011,10,Male,732
2011,10,Male,723
2011,10,Male,732
2011,10,Male,750
2011,10,Male,781
2011,10,Male,818
2011,11,Male,345
2011,11,Male,569
2011,11,Male,671
2011,11,Male,678
2011,11,Male,673
2011,11,Male,698
2011,11,Male,726
2011,11,Male,763
2011,11,Male,799
2011,11,Male,732
2011,12,Male,416
2011,12,Male,591
2011,12,Male,675
2011,12,Male,682
2011,12,Male,680
2011,12,Male,697
2011,12,Male,721
2011,12,Male,770
2011,12,Male,798
2011,12,Male,798
2012,1,Male,583
2012,1,Male,652
2012,1,Male,748
2012,1,Male,750
2012,1,Male,722
2012,1,Male,756
2012,1,Male,764
2012,1,Male,786
2012,1,Male,809
2012,2,Male,709
2012,2,Male,670
2012,2,Male,745
2012,2,Male,773
2012,2,Male,766
2012,2,Male,769
2012,2,Male,767
2012,2,Male,808
2012,2,Male,844
2012,3,Male,553
2012,3,Male,712
2012,3,Male,779
2012,3,Male,804
2012,3,Male,824
2012,3,Male,823
2012,3,Male,824
2012,3,Male,847
2012,3,Male,887
2012,4,Male,640
2012,4,Male,782
2012,4,Male,839
2012,4,Male,847
2012,4,Male,843
2012,4,Male,875
2012,4,Male,877
2012,4,Male,913
2012,4,Male,973
2012,5,Male,726
2012,5,Male,880
2012,5,Male,913
2012,5,Male,905
2012,5,Male,907
2012,5,Male,899
2012,5,Male,908
2012,5,Male,947
2012,5,Male,1048
2012,6,Male,731
2012,6,Male,969
2012,6,Male,1014
2012,6,Male,1001
2012,6,Male,952
2012,6,Male,940
2012,6,Male,934
2012,6,Male,947
2012,6,Male,972
2012,7,Male,1172
2012,7,Male,1010
2012,7,Male,1022
2012,7,Male,985
2012,7,Male,930
2012,7,Male,916
2012,7,Male,913
2012,7,Male,937
2012,7,Male,965
2012,8,Male,815
2012,8,Male,931
2012,8,Male,970
2012,8,Male,953
2012,8,Male,915
2012,8,Male,910
2012,8,Male,902
2012,8,Male,922
2012,8,Male,963
2012,9,Male,705
2012,9,Male,908
2012,9,Male,954
2012,9,Male,926
2012,9,Male,896
2012,9,Male,890
2012,9,Male,884
2012,9,Male,916
2012,9,Male,959
2012,10,Male,639
2012,10,Male,873
2012,10,Male,903
2012,10,Male,910
2012,10,Male,882
2012,10,Male,876
2012,10,Male,889
2012,10,Male,925
2012,10,Male,967
2012,11,Male,584
2012,11,Male,775
2012,11,Male,865
2012,11,Male,873
2012,11,Male,847
2012,11,Male,840
2012,11,Male,854
2012,11,Male,900
2012,11,Male,947
2012,12,Male,563
2012,12,Male,820
2012,12,Male,879
2012,12,Male,873
2012,12,Male,852
2012,12,Male,858
2012,12,Male,880
2012,12,Male,912
2012,12,Male,949
2013,1,Male,708
2013,1,Male,880
2013,1,Male,979
2013,1,Male,958
2013,1,Male,927
2013,1,Male,917
2013,1,Male,908
2013,1,Male,921
2013,1,Male,964
2013,2,Male,627
2013,2,Male,883
2013,2,Male,928
2013,2,Male,939
2013,2,Male,896
2013,2,Male,903
2013,2,Male,904
2013,2,Male,913
2013,2,Male,947
2013,2,Male,964
2013,3,Male,698
2013,3,Male,873
2013,3,Male,940
2013,3,Male,924
2013,3,Male,907
2013,3,Male,902
2013,3,Male,901
2013,3,Male,930
2013,3,Male,971
2013,3,Male,896
2013,4,Male,715
2013,4,Male,879
2013,4,Male,953
2013,4,Male,933
2013,4,Male,930
2013,4,Male,913
2013,4,Male,912
2013,4,Male,931
2013,4,Male,981
2013,4,Male,979
2013,5,Male,793
2013,5,Male,946
2013,5,Male,978
2013,5,Male,957
2013,5,Male,914
2013,5,Male,934
2013,5,Male,910
2013,5,Male,950
2013,5,Male,997
2013,5,Male,990
2013,6,Male,812
2013,6,Male,1016
2013,6,Male,1045
2013,6,Male,1026
2013,6,Male,997
2013,6,Male,966
2013,6,Male,949
2013,6,Male,961
2013,6,Male,996
2013,6,Male,1033
2013,7,Male,1343
2013,7,Male,1074
2013,7,Male,1100
2013,7,Male,1053
2013,7,Male,1010
2013,7,Male,971
2013,7,Male,945
2013,7,Male,960
2013,7,Male,990
2013,7,Male,1036
2013,8,Male,856
2013,8,Male,1051
2013,8,Male,1069
2013,8,Male,1049
2013,8,Male,982
2013,8,Male,957
2013,8,Male,943
2013,8,Male,958
2013,8,Male,983
2013,8,Male,1009
2013,9,Male,787
2013,9,Male,970
2013,9,Male,1029
2013,9,Male,1000
2013,9,Male,963
2013,9,Male,928
2013,9,Male,921
2013,9,Male,944
2013,9,Male,984
2013,9,Male,845
2013,10,Male,659
2013,10,Male,907
2013,10,Male,961
2013,10,Male,966
2013,10,Male,905
2013,10,Male,908
2013,10,Male,911
2013,10,Male,930
2013,10,Male,965
2013,10,Male,981
2013,11,Male,839
2013,11,Male,884
2013,11,Male,975
2013,11,Male,961
2013,11,Male,909
2013,11,Male,888
2013,11,Male,894
2013,11,Male,919
2013,11,Male,962
2013,11,Male,940
2013,12,Male,668
2013,12,Male,909
2013,12,Male,956
2013,12,Male,966
2013,12,Male,929
2013,12,Male,912
2013,12,Male,887
2013,12,Male,927
2013,12,Male,933
2013,12,Male,992
2014,1,Male,752
2014,1,Male,971
2014,1,Male,1029
2014,1,Male,990
2014,1,Male,964
2014,1,Male,952
2014,1,Male,932
2014,1,Male,938
2014,1,Male,960
2014,1,Male,999
2014,2,Male,775
2014,2,Male,986
2014,2,Male,1059
2014,2,Male,1024
2014,2,Male,986
2014,2,Male,934
2014,2,Male,931
2014,2,Male,932
2014,2,Male,976
2014,2,Male,858
2014,3,Male,682
2014,3,Male,936
2014,3,Male,1021
2014,3,Male,1021
2014,3,Male,947
2014,3,Male,975
2014,3,Male,927
2014,3,Male,952
2014,3,Male,977
2014,3,Male,893
2014,4,Male,780
2014,4,Male,973
2014,4,Male,1037
2014,4,Male,1004
2014,4,Male,972
2014,4,Male,946
2014,4,Male,937
2014,4,Male,941
2014,4,Male,970
2014,4,Male,906
2014,5,Male,954
2014,5,Male,993
2014,5,Male,1046
2014,5,Male,1015
2014,5,Male,990
2014,5,Male,958
2014,5,Male,952
2014,5,Male,958
2014,5,Male,1004
2014,5,Male,932
2014,6,Male,866
2014,6,Male,1118
2014,6,Male,1173
2014,6,Male,1136
2014,6,Male,1083
2014,6,Male,1116
2014,6,Male,1046
2014,6,Male,1066
2014,6,Male,1081
2014,6,Male,1008
2014,7,Male,864
2014,7,Male,1058
2014,7,Male,1130
2014,7,Male,1075
2014,7,Male,1042
2014,7,Male,1001
2014,7,Male,1002
2014,7,Male,1029
2014,7,Male,1059
2014,7,Male,1121
2014,8,Male,1070
2014,8,Male,1023
2014,8,Male,1070
2014,8,Male,1043
2014,8,Male,1017
2014,8,Male,988
2014,8,Male,974
2014,8,Male,988
2014,8,Male,1034
2014,8,Male,972
2014,9,Male,779
2014,9,Male,1025
2014,9,Male,1074
2014,9,Male,1047
2014,9,Male,963
2014,9,Male,989
2014,9,Male,977
2014,9,Male,1011
2014,9,Male,1024
2014,10,Male,819
2014,10,Male,1027
2014,10,Male,1125
2014,10,Male,1078
2014,10,Male,1057
2014,10,Male,1054
2014,10,Male,1013
2014,10,Male,1059
2014,10,Male,1110
2014,10,Male,1115
2014,11,Male,832
2014,11,Male,1028
2014,11,Male,1078
2014,11,Male,1051
2014,11,Male,976
2014,11,Male,1000
2014,11,Male,984
2014,11,Male,1004
2014,11,Male,1048
2014,11,Male,1008
2014,12,Male,671
2014,12,Male,1013
2014,12,Male,874
2014,12,Male,1050
2014,12,Male,1023
2014,12,Male,1001
2014,12,Male,984
2014,12,Male,1003
2014,12,Male,1047
2014,12,Male,1017
2015,1,Male,806
2015,1,Male,1027
2015,1,Male,1173
2015,1,Male,1173
2015,1,Male,1107
2015,1,Male,1097
2015,1,Male,1081
2015,1,Male,1110
2015,1,Male,1182
2015,1,Male,1071
2015,2,Male,958
2015,2,Male,1129
2015,2,Male,1189
2015,2,Male,1156
2015,2,Male,1130
2015,2,Male,1100
2015,2,Male,1073
2015,2,Male,1131
2015,2,Male,1176
2015,2,Male,1188
2015,3,Male,1050
2015,3,Male,1168
2015,3,Male,1214
2015,3,Male,1150
2015,3,Male,1177
2015,3,Male,1166
2015,3,Male,1166
2015,3,Male,1186
2015,3,Male,1228
2015,3,Male,1225
2015,4,Male,952
2015,4,Male,1212
2015,4,Male,1232
2015,4,Male,1267
2015,4,Male,1200
2015,4,Male,1211
2015,4,Male,1202
2015,4,Male,1243
2015,4,Male,1274
2015,4,Male,1356
2015,5,Male,1116
2015,5,Male,1342
2015,5,Male,1353
2015,5,Male,1345
2015,5,Male,1275
2015,5,Male,1292
2015,5,Male,1289
2015,5,Male,1312
2015,5,Male,1406
2015,5,Male,1379
2015,6,Male,1208
2015,6,Male,1468
2015,6,Male,1469
2015,6,Male,1371
2015,6,Male,1354
2015,6,Male,1377
2015,6,Male,1383
2015,6,Male,1391
2015,6,Male,1420
2015,6,Male,1442
2015,7,Male,1466
2015,7,Male,1402
2015,7,Male,1429
2015,7,Male,1409
2015,7,Male,1345
2015,7,Male,1366
2015,7,Male,1375
2015,7,Male,1383
2015,7,Male,1411
2015,7,Male,1440
2015,8,Male,1254
2015,8,Male,1417
2015,8,Male,1453
2015,8,Male,1340
2015,8,Male,1318
2015,8,Male,1274
2015,8,Male,1285
2015,8,Male,1316
2015,8,Male,1361
2015,8,Male,1370
2015,9,Male,1436
2015,9,Male,1344
2015,9,Male,1377
2015,9,Male,1338
2015,9,Male,1276
2015,9,Male,1257
2015,9,Male,1243
2015,9,Male,1272
2015,9,Male,1350
2015,9,Male,1321
2015,10,Male,1116
2015,10,Male,1260
2015,10,Male,1277
2015,10,Male,1284
2015,10,Male,1225
2015,10,Male,1244
2015,10,Male,1203
2015,10,Male,1222
2015,10,Male,1284
2015,10,Male,1286
2015,11,Male,1021
2015,11,Male,1253
2015,11,Male,1309
2015,11,Male,1363
2015,11,Male,1298
2015,11,Male,1279
2015,11,Male,1266
2015,11,Male,1314
2015,11,Male,1329
2015,11,Male,1345
2015,12,Male,1034
2015,12,Male,1264
2015,12,Male,1336
2015,12,Male,1272
2015,12,Male,1256
2015,12,Male,1241
2015,12,Male,1231
2015,12,Male,1247
2015,12,Male,1308
2015,12,Male,1301
2016,1,Male,1247
2016,1,Male,1431
2016,1,Male,1407
2016,1,Male,1415
2016,1,Male,1340
2016,1,Male,1277
2016,1,Male,1266
2016,1,Male,1251
2016,1,Male,1288
2016,1,Male,1303
2016,2,Male,1287
2016,2,Male,1339
2016,2,Male,1371
2016,2,Male,1308
2016,2,Male,1300
2016,2,Male,1249
2016,2,Male,1190
2016,2,Male,1201
2016,2,Male,1254
2016,2,Male,1198
2016,3,Male,1212
2016,3,Male,1303
2016,3,Male,1296
2016,3,Male,1311
2016,3,Male,1256
2016,3,Male,1250
2016,3,Male,1200
2016,3,Male,1215
2016,3,Male,1242
2016,3,Male,1245
2016,4,Male,1299
2016,4,Male,1366
2016,4,Male,1406
2016,4,Male,1349
2016,4,Male,1264
2016,4,Male,1253
2016,4,Male,1257
2016,4,Male,1230
2016,4,Male,1322
2016,4,Male,1235
2016,5,Male,1460
2016,5,Male,1462
2016,5,Male,1438
2016,5,Male,1353
2016,5,Male,1267
2016,5,Male,1272
2016,5,Male,1238
2016,5,Male,1250
2016,5,Male,1275
2016,5,Male,1236
2016,6,Male,1295
2016,6,Male,1521
2016,6,Male,1492
2016,6,Male,1453
2016,6,Male,1348
2016,6,Male,1327
2016,6,Male,1245
2016,6,Male,1261
2016,6,Male,1272
2016,6,Male,1256
2016,7,Male,1295
2016,7,Male,1465
2016,7,Male,1448
2016,7,Male,1361
2016,7,Male,1287
2016,7,Male,1239
2016,7,Male,1204
2016,7,Male,1210
2016,7,Male,1231
2016,7,Male,1241
2016,8,Male,1241
2016,8,Male,1369
2016,8,Male,1361
2016,8,Male,1244
2016,8,Male,1217
2016,8,Male,1156
2016,8,Male,1143
2016,8,Male,1116
2016,8,Male,1178
2016,8,Male,1155
2016,9,Male,1181
2016,9,Male,1359
2016,9,Male,1341
2016,9,Male,1260
2016,9,Male,1207
2016,9,Male,1141
2016,9,Male,1119
2016,9,Male,1091
2016,9,Male,1691
2016,9,Male,1141
2016,10,Male,1085
2016,10,Male,1263
2016,10,Male,1245
2016,10,Male,1213
2016,10,Male,1163
2016,10,Male,1160
2016,10,Male,1086
2016,10,Male,1103
2016,10,Male,1156
2016,10,Male,1140
2016,11,Male,1061
2016,11,Male,1149
2016,11,Male,1175
2016,11,Male,1170
2016,11,Male,1137
2016,11,Male,1137
2016,11,Male,1090
2016,11,Male,1095
2016,11,Male,1172
2016,11,Male,1116
2016,12,Male,1069
2016,12,Male,1190
2016,12,Male,1161
2016,12,Male,1160
2016,12,Male,1126
2016,12,Male,1072
2016,12,Male,1059
2016,12,Male,1103
2016,12,Male,1159
2016,12,Male,1140
2017,1,Male,1056
2017,1,Male,1166
2017,1,Male,1240
2017,1,Male,1165
2017,1,Male,1109
2017,1,Male,1132
2017,1,Male,1100
2017,1,Male,1083
2017,1,Male,1136
2017,1,Male,1148
2017,2,Male,1012
2017,2,Male,1103
2017,2,Male,1182
2017,2,Male,1183
2017,2,Male,1097
2017,2,Male,1108
2017,2,Male,1048
2017,2,Male,1066
2017,2,Male,1137
2017,2,Male,1150
2017,3,Male,1038
2017,3,Male,1176
2017,3,Male,1213
2017,3,Male,1153
2017,3,Male,1105
2017,3,Male,1113
2017,3,Male,1094
2017,3,Male,1075
2017,3,Male,1122
2017,4,Male,1210
2017,4,Male,1260
2017,4,Male,1245
2017,4,Male,1249
2017,4,Male,1173
2017,4,Male,1185
2017,4,Male,1154
2017,4,Male,1169
2017,4,Male,1184
2017,4,Male,1250
2017,5,Male,1248
2017,5,Male,1237
2017,5,Male,1227
2017,5,Male,1312
2017,5,Male,1235
2017,5,Male,1191
2017,5,Male,1173
2017,5,Male,1191
2017,5,Male,1216
2017,6,Male,1295
2017,6,Male,1262
2017,6,Male,1218
2017,6,Male,1290
2017,6,Male,1203
2017,6,Male,1179
2017,6,Male,1137
2017,6,Male,1164
2017,6,Male,1209
2017,6,Male,1180
2017,7,Male,1149
2017,7,Male,1238
2017,7,Male,1252
2017,7,Male,1223
2017,7,Male,1207
2017,7,Male,1221
2017,7,Male,1120
2017,7,Male,1111
2017,7,Male,1168
2017,7,Male,1166
2017,8,Male,1029
2017,8,Male,1151
2017,8,Male,1173
2017,8,Male,1182
2017,8,Male,1162
2017,8,Male,1106
2017,8,Male,1109
2017,8,Male,1090
2017,8,Male,1148
2017,8,Male,1165
2017,9,Male,944
2017,9,Male,1108
2017,9,Male,1142
2017,9,Male,1143
2017,9,Male,1061
2017,9,Male,1107
2017,9,Male,1017
2017,9,Male,1126
2017,9,Male,1126
2017,9,Male,1160
2017,10,Male,920
2017,10,Male,1138
2017,10,Male,1165
2017,10,Male,1138
2017,10,Male,1130
2017,10,Male,1085
2017,10,Male,1068
2017,10,Male,1101
2017,10,Male,1162
2017,10,Male,1192
2017,11,Male,906
2017,11,Male,1048
2017,11,Male,1045
2017,11,Male,1108
2017,11,Male,1039
2017,11,Male,1063
2017,11,Male,1045
2017,11,Male,1064
2017,11,Male,1134
2017,11,Male,1129
2017,12,Male,802
2017,12,Male,1009
2017,12,Male,1016
2017,12,Male,1049
2017,12,Male,1040
2017,12,Male,1055
2017,12,Male,1060
2017,12,Male,1081
2017,12,Male,1144
2017,12,Male,1139
2018,1,Male,904
2018,1,Male,1054
2018,1,Male,1124
2018,1,Male,1142
2018,1,Male,1107
2018,1,Male,1083
2018,1,Male,1071
2018,1,Male,1103
2018,1,Male,1141
2018,1,Male,1138
2018,2,Male,835
2018,2,Male,966
2018,2,Male,1044
2018,2,Male,1108
2018,2,Male,1092
2018,2,Male,1078
2018,2,Male,1073
2018,2,Male,1090
2018,2,Male,1106
2018,2,Male,1121
2018,3,Male,859
2018,3,Male,1071
2018,3,Male,1080
2018,3,Male,1118
2018,3,Male,1066
2018,3,Male,1037
2018,3,Male,1070
2018,3,Male,1107
2018,3,Male,1144
2018,3,Male,1139
2018,4,Male,956
2018,4,Male,1032
2018,4,Male,1102
2018,4,Male,1146
2018,4,Male,1084
2018,4,Male,1093
2018,4,Male,1085
2018,4,Male,1149
2018,4,Male,1160
2018,4,Male,1149
2018,5,Male,1094
2018,5,Male,1049
2018,5,Male,1070
2018,5,Male,1117
2018,5,Male,1105
2018,5,Male,1083
2018,5,Male,1099
2018,5,Male,1138
2018,5,Male,1182
2018,5,Male,1174
2018,6,Male,1038
2018,6,Male,1062
2018,6,Male,1114
2018,6,Male,1135
2018,6,Male,1130
2018,6,Male,1091
2018,6,Male,1082
2018,6,Male,1130
2018,6,Male,1179
2018,6,Male,1152
2018,7,Male,889
2018,7,Male,1032
2018,7,Male,1062
2018,7,Male,1117
2018,7,Male,1054
2018,7,Male,1032
2018,7,Male,1050
2018,7,Male,1085
2018,7,Male,1151
2018,7,Male,1154
2018,8,Male,872
2018,8,Male,944
2018,8,Male,1023
2018,8,Male,1031
2018,8,Male,1015
2018,8,Male,986
2018,8,Male,1005
2018,8,Male,1054
2018,8,Male,1122
2018,8,Male,1120
2018,9,Male,945
2018,9,Male,936
2018,9,Male,1047
2018,9,Male,1064
2018,9,Male,1033
2018,9,Male,1036
2018,9,Male,1027
2018,9,Male,1051
2018,9,Male,1126
2018,10,Male,762
2018,10,Male,798
2018,10,Male,950
2018,10,Male,1047
2018,10,Male,982
2018,10,Male,1021
2018,10,Male,1017
2018,10,Male,1056
2018,10,Male,1109
2018,11,Male,743
2018,11,Male,912
2018,11,Male,1014
2018,11,Male,1035
2018,11,Male,1019
2018,11,Male,972
2018,11,Male,995
2018,11,Male,1029
2018,11,Male,1069
2018,12,Male,758
2018,12,Male,894
2018,12,Male,1013
2018,12,Male,1026
2018,12,Male,981
2018,12,Male,925
2018,12,Male,981
2018,12,Male,1027
2018,12,Male,1087
2019,1,Male,827
2019,1,Male,893
2019,1,Male,1003
2019,1,Male,1030
2019,1,Male,1011
2019,1,Male,1001
2019,1,Male,1003
2019,1,Male,1043
2019,1,Male,1098
2019,2,Male,656
2019,2,Male,851
2019,2,Male,916
2019,2,Male,931
2019,2,Male,915
2019,2,Male,939
2019,2,Male,967
2019,2,Male,1035
2019,2,Male,1090
2019,3,Male,732
2019,3,Male,879
2019,3,Male,985
2019,3,Male,967
2019,3,Male,943
2019,3,Male,973
2019,3,Male,1014
2019,3,Male,1042
2019,3,Male,1095
2019,4,Male,789
2019,4,Male,965
2019,4,Male,1051
2019,4,Male,1043
2019,4,Male,1022
2019,4,Male,1027
2019,4,Male,1065
2019,4,Male,1093
2019,4,Male,1155
2019,5,Male,879
2019,5,Male,999
2019,5,Male,1134
2019,5,Male,1055
2019,5,Male,1028
2019,5,Male,1059
2019,5,Male,1081
2019,5,Male,1104
2019,5,Male,1270
2019,6,Male,901
2019,6,Male,1039
2019,6,Male,1097
2019,6,Male,1095
2019,6,Male,1074
2019,6,Male,1076
2019,6,Male,1088
2019,6,Male,1118
2019,6,Male,1175
2019,7,Male,898
2019,7,Male,987
2019,7,Male,1069
2019,7,Male,1037
2019,7,Male,1046
2019,7,Male,1041
2019,7,Male,1040
2019,7,Male,1081
2019,7,Male,1147
2019,8,Male,879
2019,8,Male,965
2019,8,Male,1062
2019,8,Male,1068
2019,8,Male,1018
2019,8,Male,1014
2019,8,Male,1032
2019,8,Male,1088
2019,8,Male,1159
2019,9,Male,928
2019,9,Male,960
2019,9,Male,1057
2019,9,Male,1062
2019,9,Male,1026
2019,9,Male,1025
2019,9,Male,1037
2019,9,Male,1060
2019,9,Male,1127
2019,10,Male,774
2019,10,Male,883
2019,10,Male,994
2019,10,Male,1043
2019,10,Male,994
2019,10,Male,997
2019,10,Male,1019
2019,10,Male,1063
2019,10,Male,1103
2019,11,Male,826
2019,11,Male,867
2019,11,Male,1032
2019,11,Male,1022
2019,11,Male,974
2019,11,Male,943
2019,11,Male,995
2019,11,Male,1034
2019,11,Male,1080
2019,12,Male,849
2019,12,Male,895
2019,12,Male,1002
2019,12,Male,1027
2019,12,Male,994
2019,12,Male,969
2019,12,Male,1010
2019,12,Male,1048
2019,12,Male,1100
2020,1,Male,838
2020,1,Male,864
2020,1,Male,1068
2020,1,Male,1092
2020,1,Male,1039
2020,1,Male,1060
2020,1,Male,1046
2020,1,Male,1070
2020,1,Male,1085
2020,2,Male,849
2020,2,Male,956
2020,2,Male,1053
2020,2,Male,1097
2020,2,Male,1057
2020,2,Male,1060
2020,2,Male,1078
2020,2,Male,1084
2020,2,Male,1068
2020,3,Male,979
2020,3,Male,972
2020,3,Male,1093
2020,3,Male,1108
2020,3,Male,1031
2020,3,Male,1004
2020,3,Male,1032
2020,3,Male,1058
2020,3,Male,1123
2020,4,Male,885
2020,4,Male,1107
2020,4,Male,1152
2020,4,Male,1149
2020,4,Male,1105
2020,4,Male,1100
2020,4,Male,1102
2020,4,Male,1108
2020,4,Male,1136
2020,5,Male,1054
2020,5,Male,1187
2020,5,Male,1223
2020,5,Male,1201
2020,5,Male,1164
2020,5,Male,1131
2020,5,Male,1155
2020,5,Male,1167
2020,5,Male,1202
2020,6,Male,1193
2020,6,Male,1275
2020,6,Male,1279
2020,6,Male,1249
2020,6,Male,1173
2020,6,Male,1134
2020,6,Male,1136
2020,6,Male,1177
2020,6,Male,1202
2020,7,Male,1215
2020,7,Male,1327
2020,7,Male,1331
2020,7,Male,1246
2020,7,Male,1206
2020,7,Male,1181
2020,7,Male,1155
2020,7,Male,1167
2020,7,Male,1209
2020,8,Male,1266
2020,8,Male,1363
2020,8,Male,1357
2020,8,Male,1307
2020,8,Male,1175
2020,8,Male,1187
2020,8,Male,1172
2020,8,Male,1157
2020,8,Male,1174
2020,9,Male,1100
2020,9,Male,1360
2020,9,Male,1318
2020,9,Male,1310
2020,9,Male,1209
2020,9,Male,1169
2020,9,Male,1141
2020,9,Male,1162
2020,9,Male,1187
2020,10,Male,1185
2020,10,Male,1307
2020,10,Male,1333
2020,10,Male,1293
2020,10,Male,1197
2020,10,Male,1162
2020,10,Male,1184
2020,10,Male,1172
2020,10,Male,1193
2020,11,Male,1015
2020,11,Male,1262
2020,11,Male,1278
2020,11,Male,1252
2020,11,Male,1176
2020,11,Male,1147
2020,11,Male,1146
2020,11,Male,1166
2020,11,Male,1184
2020,12,Male,1063
2020,12,Male,1243
2020,12,Male,1281
2020,12,Male,1226
2020,12,Male,1143
2020,12,Male,1153
2020,12,Male,1143
2020,12,Male,1135
2020,12,Male,1189
2021,1,Male,951
2021,1,Male,1307
2021,1,Male,1367
2021,1,Male,1319
2021,1,Male,1203
2021,1,Male,1206
2021,1,Male,1198
2021,1,Male,1191
2021,1,Male,1215
2021,2,Male,1063
2021,2,Male,1346
2021,2,Male,1380
2021,2,Male,1325
2021,2,Male,1231
2021,2,Male,1241
2021,2,Male,1202
2021,2,Male,1215
2021,2,Male,1259
2021,3,Male,1113
2021,3,Male,1400
2021,3,Male,1433
2021,3,Male,1348
2021,3,Male,1272
2021,3,Male,1254
2021,3,Male,1255
2021,3,Male,1243
2021,3,Male,1285
2021,4,Male,1167
2021,4,Male,1426
2021,4,Male,1456
2021,4,Male,1401
2021,4,Male,1289
2021,4,Male,1291
2021,4,Male,1275
2021,4,Male,1284
2021,4,Male,1334
2021,5,Male,1378
2021,5,Male,1572
2021,5,Male,1577
2021,5,Male,1523
2021,5,Male,1409
2021,5,Male,1365
2021,5,Male,1363
2021,5,Male,1368
2021,5,Male,1389
2021,6,Male,1344
2021,6,Male,1622
2021,6,Male,1614
2021,6,Male,1526
2021,6,Male,1447
2021,6,Male,1403
2021,6,Male,1387
2021,6,Male,1384
2021,6,Male,1388
2021,7,Male,1376
2021,7,Male,1589
2021,7,Male,1577
2021,7,Male,1496
2021,7,Male,1386
2021,7,Male,1353
2021,7,Male,1372
2021,7,Male,1353
2021,7,Male,1420
2021,8,Male,1307
2021,8,Male,1614
2021,8,Male,1613
2021,8,Male,1530
2021,8,Male,1407
2021,8,Male,1374
2021,8,Male,1373
2021,8,Male,1403
2021,8,Male,1460
2021,9,Male,1336
2021,9,Male,1572
2021,9,Male,1570
2021,9,Male,1526
2021,9,Male,1424
2021,9,Male,1410
2021,9,Male,1406
2021,9,Male,1418
2021,9,Male,1490
2021,10,Male,1219
2021,10,Male,1498
2021,10,Male,1530
2021,10,Male,1508
2021,10,Male,1432
2021,10,Male,1401
2021,10,Male,1432
2021,10,Male,1457
2021,10,Male,1512
2021,11,Male,1122
2021,11,Male,1344
2021,11,Male,1430
2021,11,Male,1378
2021,11,Male,1271
2021,11,Male,1351
2021,11,Male,1417
2021,11,Male,1454
2021,11,Male,1519
2021,12,Male,1222
2021,12,Male,1443
2021,12,Male,1507
2021,12,Male,1477
2021,12,Male,1384
2021,12,Male,1386
2021,12,Male,1439
2021,12,Male,1441
2021,12,Male,1547
2022,1,Male,1408
2022,1,Male,1512
2022,1,Male,1592
2022,1,Male,1552
2022,1,Male,1501
2022,1,Male,1444
2022,1,Male,1470
2022,1,Male,1493
2022,1,Male,1496
2022,2,Male,1532
2022,2,Male,1601
2022,2,Male,1626
2022,2,Male,1538
2022,2,Male,1487
2022,2,Male,1440
2022,2,Male,1463
2022,2,Male,1517
2022,2,Male,1556
2022,3,Male,1466
2022,3,Male,1680
2022,3,Male,1678
2022,3,Male,1622
2022,3,Male,1563
2022,3,Male,1539
2022,3,Male,1553
2022,3,Male,1572
2022,3,Male,1616
2022,4,Male,1620
2022,4,Male,1909
2022,4,Male,1811
2022,4,Male,1748
2022,4,Male,1669
2022,4,Male,1653
2022,4,Male,1672
2022,4,Male,1683
2022,4,Male,1723
2022,5,Male,1861
2022,5,Male,2134
2022,5,Male,2059
2022,5,Male,1954
2022,5,Male,1877
2022,5,Male,1794
2022,5,Male,1745
2022,5,Male,1743
2022,5,Male,1797
2022,6,Male,1895
2022,6,Male,2340
2022,6,Male,2181
2022,6,Male,2020
2022,6,Male,1982
2022,6,Male,1876
2022,6,Male,1843
2022,6,Male,1857
2022,6,Male,1895
2022,7,Male,1733
2022,7,Male,1914
2022,7,Male,1917
2022,7,Male,1849
2022,7,Male,1722
2022,7,Male,1636
2022,7,Male,1627
2022,7,Male,1656
2022,7,Male,1682
2022,8,Male,1469
2022,8,Male,1764
2022,8,Male,1822
2022,8,Male,1758
2022,8,Male,1656
2022,8,Male,1653
2022,8,Male,1645
2022,8,Male,1654
2022,8,Male,1677
2022,9,Male,1457
2022,9,Male,1750
2022,9,Male,1760
2022,9,Male,1735
2022,9,Male,1633
2022,9,Male,1609
2022,9,Male,1631
2022,9,Male,1674
2022,9,Male,1658
